<?xml version="1.0" encoding="UTF-8"?>
<project-private xmlns="http://www.netbeans.org/ns/project-private/1">
    <editor-bookmarks xmlns="http://www.netbeans.org/ns/editor-bookmarks/2" lastBookmarkId="0"/>
    <open-files xmlns="http://www.netbeans.org/ns/projectui-open-files/2">
        <group>
            <file>file:/C:/Users/Asus/Documents/NetBeansProjects/sda_net/src/java/DeleteUser.java</file>
            <file>file:/C:/Users/Asus/Documents/NetBeansProjects/sda_net/src/java/AlumniController.java</file>
            <file>file:/C:/Users/Asus/Documents/NetBeansProjects/sda_net/web/index.html</file>
            <file>file:/C:/Users/Asus/Documents/NetBeansProjects/sda_net/src/java/RegisterController.java</file>
            <file>file:/C:/Users/Asus/Documents/NetBeansProjects/sda_net/src/java/User.java</file>
            <file>file:/C:/Users/Asus/Documents/NetBeansProjects/sda_net/src/java/AdminUI.java</file>
            <file>file:/C:/Users/Asus/Documents/NetBeansProjects/sda_net/src/java/Homepage.java</file>
            <file>file:/C:/Users/Asus/Documents/NetBeansProjects/sda_net/src/java/Register.java</file>
            <file>file:/C:/Users/Asus/Documents/NetBeansProjects/sda_net/src/java/ManageAcc.java</file>
            <file>file:/C:/Users/Asus/Documents/NetBeansProjects/sda_net/src/java/Database.java</file>
            <file>file:/C:/Users/Asus/Documents/NetBeansProjects/sda_net/src/java/Alumni.java</file>
        </group>
    </open-files>
</project-private>
